source_id,orbit_am_consistency_label,am_expected_orbit_behavior,orbital_family_interpretation,rotation_class,inclination_proxy_class,feh,Lz_kpc_kms,Lperp_kpc_kms,Ltot_kpc_kms,galpy_eccentricity,galpy_rperi_kpc,galpy_rap_kpc,galpy_zmax_kpc,galpy_orbit_radial_flag,galpy_orbit_high_zmax_flag,galpy_orbit_inner_halo_like_flag,galpy_orbit_disk_confined_flag,orbit_am_consistency_notes,interpretation_confidence,tangential_velocity_kms,galcen_vtot,Lx_kpc_kms,Ly_kpc_kms,Lperp_over_Ltot,Lz_over_Ltot,abs_Lz_over_Ltot,retrograde_flag,disk_like_orbit_flag,halo_like_orbit_flag,high_galcen_velocity_flag,high_tangential_velocity_flag,metal_poor_flag,distance_for_l_kpc,distance_recovery_source,distance_quality_flag,orbital_family_evidence_notes,ra,dec,parallax,pmra,pmdec,radial_velocity,bp_rp,absolute_g_mag,galcen_vx,galcen_vy,galcen_vz,has_astrometric_6d_input,has_galcen_velocity_input,orbit_input_ready,has_positive_parallax,has_distance_or_parallax_input,can_compute_galcen_position,can_compute_angular_momentum,missing_orbital_position_input,galcen_vx_kms,galcen_vy_kms,galcen_vz_kms,galcen_vtot_recomputed_kms,galcen_vtot_delta_kms,distance_kpc_used,galcen_x_kpc,galcen_y_kpc,galcen_z_kpc,galcen_radius_kpc,galcen_cyl_radius_kpc,galcen_abs_z_kpc,ra_gaia,dec_gaia,parallax_recovered,parallax_over_error,pmra_recovered,pmdec_recovered,distance_pc,ra_lamost,dec_lamost,rv,parallax_mas_recovered,parallax_error_mas_recovered,distance_existing_recovered,distance_pc_from_parallax,distance_kpc_from_parallax,parallax_snr_recovered,angular_momentum_ready_basic,galpy_orbit_ready,galpy_success,galpy_error,galpy_energy,galpy_integration_time_gyr,galpy_n_steps,galpy_ro_kpc,galpy_vo_kms,galpy_potential
3077457042404665088,consistent,retrograde_halo_like_expected,retrograde_low_inclination_halo_like,retrograde,low_Lperp,-0.599,-1125.1355493306885,103.66368351468324,1129.9009530253095,0.7573493952104325,2.475122076809053,17.925586002658054,1.0662561784121365,True,False,True,False,family=retrograde_low_inclination_halo_like; rotation=retrograde; inclination_proxy=low_Lperp; ecc=0.757; rperi=2.48 kpc; rap=17.93 kpc; zmax=1.07 kpc; Lz=-1125.1; Lperp=103.7; [Fe/H]=-0.60; orbit-derived radial flag; orbit-derived inner-halo-like proxy,moderate,111.01579774936911,,-60.31790163136175,-84.30842201477725,,,,False,False,False,False,False,False,1.7400057535700213,gaia_lamost_larger_velocity_features.csv,missing_parallax,rotation=retrograde; inclination_proxy=low_Lperp; [Fe/H]=-0.60; Lz=-1125.1; Lperp=103.7; Ltot=1129.9; distance_source=gaia_lamost_larger_velocity_features.csv; distance_quality=missing_parallax,,,,,,,1.252923,1.686704280937569,,,,False,False,False,False,False,False,False,True,-236.399924646039,92.1883366443852,5.765433519245572,,,,-9.326243267464232,-1.1225244498685634,0.5840875700971482,,,,124.06184711194852,0.009937855877982,0.5747107433112048,23.36806,-13.446595124808283,0.5776509009848404,1740.0057535700214,124.0619128,0.0099314,270.86,,,1740.0057535700214,,,,False,True,True,,-33312.611034567744,5.0,1001,8.2,232.0,MWPotential2014
3089847099636770560,consistent,high_zmax_or_extended_orbit_expected,retrograde_high_inclination_halo_like,retrograde,high_Lperp,-2.213,-961.1463243325856,3531.4575141993287,3659.9172711105016,0.7087529115246556,9.389509171256536,55.088451589895655,52.847639658481675,True,True,True,False,family=retrograde_high_inclination_halo_like; rotation=retrograde; inclination_proxy=high_Lperp; ecc=0.709; rperi=9.39 kpc; rap=55.09 kpc; zmax=52.85 kpc; Lz=-961.1; Lperp=3531.5; [Fe/H]=-2.21; orbit-derived radial flag; orbit-derived high-Zmax flag; orbit-derived inner-halo-like proxy,moderate,413.70646747833314,,319.44591352249034,-3516.97973877142,,,,False,False,False,False,True,True,1.5694870209361436,gaia_lamost_larger_velocity_features.csv,missing_parallax,rotation=retrograde; inclination_proxy=high_Lperp; high tangential velocity; metal-poor; [Fe/H]=-2.21; Lz=-961.1; Lperp=3531.5; Ltot=3659.9; distance_source=gaia_lamost_larger_velocity_features.csv; distance_quality=missing_parallax,,,,,,,0.61881924,3.7260768126281487,,,,False,False,False,False,False,False,False,True,-14.84171740415759,102.3679361105482,-379.512540328707,,,,-9.24718230807746,-0.9790886203405346,0.5092463321090953,,,,122.50835506539042,1.2800943330610466,0.637150856719755,26.753075,-42.072760482673594,-36.356421286612786,1569.4870209361436,122.50854,1.280247,-11.29,,,1569.4870209361436,,,,False,True,True,,11032.924216938049,5.0,1001,8.2,232.0,MWPotential2014
3089944573918027648,consistent,high_zmax_or_extended_orbit_expected,prograde_high_inclination_halo_like,prograde,high_Lperp,-1.472,2417.299615178472,1650.511525452589,2927.033605067393,0.6674059814388952,7.545047875165505,37.82586954426076,18.98889929051783,False,True,True,False,family=prograde_high_inclination_halo_like; rotation=prograde; inclination_proxy=high_Lperp; ecc=0.667; rperi=7.55 kpc; rap=37.83 kpc; zmax=18.99 kpc; Lz=2417.3; Lperp=1650.5; [Fe/H]=-1.47; orbit-derived high-Zmax flag; orbit-derived inner-halo-like proxy,moderate,426.6861088882448,,329.8473423421899,-1617.216443894146,,,,False,False,False,False,True,True,1.6588643708976765,gaia_lamost_larger_velocity_features.csv,missing_parallax,rotation=prograde; inclination_proxy=high_Lperp; high tangential velocity; metal-poor; [Fe/H]=-1.47; Lz=2417.3; Lperp=1650.5; Ltot=2927.0; distance_source=gaia_lamost_larger_velocity_features.csv; distance_quality=missing_parallax,,,,,,,0.98452854,1.5680617678260056,,,,False,False,False,False,False,False,False,True,-153.72602730906922,-277.1578167790695,-164.44716029247513,,,,-9.294675435780425,-1.032956741627243,0.5772182121211719,,,,123.9549662915235,1.686693010449564,0.6028220374995823,32.416683,-18.7729862859093,-50.908488706819575,1658.8643708976765,123.95502,1.6867748,385.54,,,1658.8643708976765,,,,False,True,True,,-1564.6134552563456,5.0,1001,8.2,232.0,MWPotential2014
3089534353001157632,consistent,radial_or_high_eccentricity_expected,radial_metal_poor_halo_like,low_Lz_or_radial,moderate_Lperp,-1.539,471.0723555977167,1303.9018650592682,1386.3871169025697,0.8369854697847113,1.9437234301537332,21.903518010062815,17.78440097652317,True,True,True,False,family=radial_metal_poor_halo_like; rotation=low_Lz_or_radial; inclination_proxy=moderate_Lperp; ecc=0.837; rperi=1.94 kpc; rap=21.90 kpc; zmax=17.78 kpc; Lz=471.1; Lperp=1303.9; [Fe/H]=-1.54; orbit-derived radial flag; orbit-derived high-Zmax flag; orbit-derived inner-halo-like proxy,moderate,376.1169517856083,,221.03106211753857,-1285.0312615980324,,,,False,False,False,False,True,True,2.1797622240498136,gaia_lamost_larger_velocity_features.csv,missing_parallax,rotation=low_Lz_or_radial; inclination_proxy=moderate_Lperp; high tangential velocity; metal-poor; [Fe/H]=-1.54; Lz=471.1; Lperp=1303.9; Ltot=1386.4; distance_source=gaia_lamost_larger_velocity_features.csv; distance_quality=missing_parallax,,,,,,,1.041462,0.871324141703834,,,,False,False,False,False,False,False,False,True,236.8281648442489,-14.810854296614448,-151.52405092085374,,,,-9.641485783675568,-1.3861261588912324,0.7426723141480404,,,,124.17699360479357,0.7374494221361896,0.4587656346030645,25.166069,2.906363530788064,-36.28302820325773,2179.7622240498135,124.176981,0.737614,-43.26,,,2179.7622240498135,,,,False,True,True,,-24499.048819253887,5.0,1001,8.2,232.0,MWPotential2014
3084095863550902528,consistent,dynamically_hot_expected,prograde_hot_or_metal_poor_candidate,prograde,low_Lperp,-1.723,770.758487729764,244.49286591873985,808.6070788044289,0.8429087523606019,1.6316410479847057,19.141521970366608,1.7687051480066267,True,False,True,False,family=prograde_hot_or_metal_poor_candidate; rotation=prograde; inclination_proxy=low_Lperp; ecc=0.843; rperi=1.63 kpc; rap=19.14 kpc; zmax=1.77 kpc; Lz=770.8; Lperp=244.5; [Fe/H]=-1.72; orbit-derived radial flag; orbit-derived inner-halo-like proxy,moderate,357.80594331790144,,17.78654314078295,243.8450335115726,,,,False,False,False,False,True,True,2.967169601612257,gaia_lamost_larger_velocity_features.csv,missing_parallax,rotation=prograde; inclination_proxy=low_Lperp; high tangential velocity; metal-poor; [Fe/H]=-1.72; Lz=770.8; Lperp=244.5; Ltot=808.6; distance_source=gaia_lamost_larger_velocity_features.csv; distance_quality=missing_parallax,,,,,,,0.7284956,2.7744137093995,,,,False,False,False,False,False,False,False,True,239.57638497532017,-31.371491885549133,4.396379458945979,,,,-10.278081172462157,-1.871301913479643,0.8292081399760887,,,,120.43054976939275,0.2408081686870832,0.3370215168882273,11.0914955,11.675831487154664,-22.6002041494757,2967.169601612257,120.430517,0.24084,9.04,,,2967.169601612257,,,,False,True,True,,-31442.460390070635,5.0,1001,8.2,232.0,MWPotential2014
3083736976083264768,consistent,radial_or_high_eccentricity_expected,radial_metal_poor_halo_like,low_Lz_or_radial,moderate_Lperp,-0.583,-450.78589873916354,1087.382702432025,1177.1189693698975,0.8014155212580162,1.5480194811104693,14.042519023379343,10.0735935648153,True,True,True,False,family=radial_metal_poor_halo_like; rotation=low_Lz_or_radial; inclination_proxy=moderate_Lperp; ecc=0.801; rperi=1.55 kpc; rap=14.04 kpc; zmax=10.07 kpc; Lz=-450.8; Lperp=1087.4; [Fe/H]=-0.58; orbit-derived radial flag; orbit-derived high-Zmax flag; orbit-derived inner-halo-like proxy,moderate,242.02317493801328,,171.5773941589174,-1073.7608389962868,,,,False,False,False,False,True,False,3.3203546482656567,gaia_lamost_larger_velocity_features.csv,missing_parallax,rotation=low_Lz_or_radial; inclination_proxy=moderate_Lperp; high tangential velocity; [Fe/H]=-0.58; Lz=-450.8; Lperp=1087.4; Ltot=1177.1; distance_source=gaia_lamost_larger_velocity_features.csv; distance_quality=missing_parallax,,,,,,,0.7034807,3.5901416287102172,,,,False,False,False,False,False,False,False,True,122.03603927371384,67.66040098305142,-114.71623992446472,,,,-10.471084382558274,-2.1116046607684575,1.0443028965955192,,,,122.7700142467626,0.4222352047121412,0.3011726474828033,5.7011924,-0.9141858546706444,-15.349072682740813,3320.3546482656566,122.7700125,0.4223,-1.81,,,3320.3546482656566,,,,False,True,True,,-42876.799173740175,5.0,1001,8.2,232.0,MWPotential2014
3089512263986192512,consistent,retrograde_halo_like_expected,retrograde_low_inclination_halo_like,retrograde,low_Lperp,-1.317,-875.1545566614932,633.5343183545139,1080.3986442875116,0.6892583968451537,2.232678357057207,12.137321246405197,3.1383170049190316,False,True,True,False,family=retrograde_low_inclination_halo_like; rotation=retrograde; inclination_proxy=low_Lperp; ecc=0.689; rperi=2.23 kpc; rap=12.14 kpc; zmax=3.14 kpc; Lz=-875.2; Lperp=633.5; [Fe/H]=-1.32; orbit-derived high-Zmax flag; orbit-derived inner-halo-like proxy,moderate,182.00727141982713,,-145.77567293172046,616.534821169269,,,,False,False,False,False,False,True,2.012895572742822,gaia_lamost_larger_velocity_features.csv,missing_parallax,rotation=retrograde; inclination_proxy=low_Lperp; metal-poor; [Fe/H]=-1.32; Lz=-875.2; Lperp=633.5; Ltot=1080.4; distance_source=gaia_lamost_larger_velocity_features.csv; distance_quality=missing_parallax,,,,,,,0.7241869,3.5162932136697265,,,,False,False,False,False,False,False,False,True,125.73212124032035,108.8714673028971,55.75514138579833,,,,-9.523219455574145,-1.285688313532734,0.6805450598594316,,,,124.07066122778818,0.500878992329893,0.4967967606175291,16.920572,12.80717803249535,-14.135094408004887,2012.895572742822,124.070646,0.500901,24.51,,,2012.895572742822,,,,False,True,True,,-49576.3585500397,5.0,1001,8.2,232.0,MWPotential2014
3089611597989508224,consistent,retrograde_halo_like_expected,retrograde_low_inclination_halo_like,retrograde,low_Lperp,-0.833,-1711.872117142549,587.1092658147543,1809.752313289212,0.4180892539778503,5.409394018592137,13.182440057578148,3.152211555012973,False,True,True,False,family=retrograde_low_inclination_halo_like; rotation=retrograde; inclination_proxy=low_Lperp; ecc=0.418; rperi=5.41 kpc; rap=13.18 kpc; zmax=3.15 kpc; Lz=-1711.9; Lperp=587.1; [Fe/H]=-0.83; orbit-derived high-Zmax flag; orbit-derived inner-halo-like proxy,moderate,106.91773199721707,,-83.16580941260011,-581.1890726349618,,,,False,False,False,False,False,False,4.450994978393399,gaia_lamost_larger_velocity_features.csv,missing_parallax,rotation=retrograde; inclination_proxy=low_Lperp; [Fe/H]=-0.83; Lz=-1711.9; Lperp=587.1; Ltot=1809.8; distance_source=gaia_lamost_larger_velocity_features.csv; distance_quality=missing_parallax,,,,,,,1.1408968,0.5763504189900424,,,,False,False,False,False,False,False,False,True,35.36321674916414,161.61644960705954,-56.58759439096168,,,,-11.212873983079184,-2.8366414346751356,1.5077953076129695,,,,124.41014575196904,0.6801603216710814,0.2246688672654835,11.330799,-1.3230676252381404,-4.891460363901467,4450.994978393399,124.410154,0.680182,16.42,,,4450.994978393399,,,,False,True,True,,-39645.72243030651,5.0,1001,8.2,232.0,MWPotential2014
3084599680395408128,consistent,radial_or_high_eccentricity_expected,radial_metal_poor_halo_like,low_Lz_or_radial,low_Lperp,-0.8,-282.1259907467252,37.14107750319141,284.5602472112353,0.933793505965312,0.5817765482489236,16.99283019483309,1.9525637605008015,True,False,True,False,family=radial_metal_poor_halo_like; rotation=low_Lz_or_radial; inclination_proxy=low_Lperp; ecc=0.934; rperi=0.58 kpc; rap=16.99 kpc; zmax=1.95 kpc; Lz=-282.1; Lperp=37.1; [Fe/H]=-0.80; orbit-derived radial flag; orbit-derived inner-halo-like proxy,moderate,233.39930902514337,,-37.1275037094922,1.004045018768295,,,,False,False,False,False,True,False,5.0422602945291,gaia_lamost_larger_velocity_features.csv,missing_parallax,rotation=low_Lz_or_radial; inclination_proxy=low_Lperp; high tangential velocity; [Fe/H]=-0.80; Lz=-282.1; Lperp=37.1; Ltot=284.6; distance_source=gaia_lamost_larger_velocity_features.csv; distance_quality=missing_parallax,,,,,,,1.4542809,-0.9936494160586236,,,,False,False,False,False,False,False,False,True,160.16623290369782,66.76755204151463,-20.840103255509955,,,,-11.76262313328812,-3.1419579041506873,1.5367679017595228,,,,121.84354929076224,1.1745968561269535,0.1983237559324356,13.023615,3.518032173220818,-9.10879684124338,5042.2602945291,121.84354,1.1746241,-3.5,,,5042.2602945291,,,,False,True,True,,-37362.43385615651,5.0,1001,8.2,232.0,MWPotential2014
3084590884302328704,consistent,radial_or_high_eccentricity_expected,radial_metal_poor_halo_like,low_Lz_or_radial,low_Lperp,-1.311,476.6109833534854,208.10960997762209,520.0650336431149,0.7782072245643243,1.4956769732188897,11.991479858475712,1.0523769002110954,True,False,True,False,family=radial_metal_poor_halo_like; rotation=low_Lz_or_radial; inclination_proxy=low_Lperp; ecc=0.778; rperi=1.50 kpc; rap=11.99 kpc; zmax=1.05 kpc; Lz=476.6; Lperp=208.1; [Fe/H]=-1.31; orbit-derived radial flag; orbit-derived inner-halo-like proxy,moderate,178.22526728386543,,46.47997108228613,-202.8527102437328,,,,False,False,False,False,False,True,1.5377167393443991,gaia_lamost_larger_velocity_features.csv,missing_parallax,rotation=low_Lz_or_radial; inclination_proxy=low_Lperp; metal-poor; [Fe/H]=-1.31; Lz=476.6; Lperp=208.1; Ltot=520.1; distance_source=gaia_lamost_larger_velocity_features.csv; distance_quality=missing_parallax,,,,,,,0.6961956,4.105675472050972,,,,False,False,False,False,False,False,False,True,-146.62958273109243,-66.90546061249644,-14.17637336567676,,,,-9.22732473725293,-0.9598842593150166,0.4913245216977185,,,,122.20570317994792,1.178609486703606,0.6503148300423307,23.938126,-6.016034996652612,-23.69788249583368,1537.7167393443992,122.205693,1.178739,303.03,,,1537.7167393443992,,,,False,True,True,,-53109.78587004303,5.0,1001,8.2,232.0,MWPotential2014
3089780884124744832,consistent,radial_or_high_eccentricity_expected,radial_metal_poor_halo_like,low_Lz_or_radial,moderate_Lperp,-1.369,-279.792883886776,837.8962517822617,883.3765825651268,0.8686784274981786,0.7786986358797059,11.080718229828411,5.540317093154632,True,True,True,False,family=radial_metal_poor_halo_like; rotation=low_Lz_or_radial; inclination_proxy=moderate_Lperp; ecc=0.869; rperi=0.78 kpc; rap=11.08 kpc; zmax=5.54 kpc; Lz=-279.8; Lperp=837.9; [Fe/H]=-1.37; orbit-derived radial flag; orbit-derived high-Zmax flag; orbit-derived inner-halo-like proxy,moderate,233.55985494766577,,-98.17905637781604,832.1243907250436,,,,False,False,False,False,True,True,1.459956683911417,gaia_lamost_larger_velocity_features.csv,missing_parallax,rotation=low_Lz_or_radial; inclination_proxy=moderate_Lperp; high tangential velocity; metal-poor; [Fe/H]=-1.37; Lz=-279.8; Lperp=837.9; Ltot=883.4; distance_source=gaia_lamost_larger_velocity_features.csv; distance_quality=missing_parallax,,,,,,,0.7723322,5.025141004939055,,,,False,False,False,False,False,False,False,True,126.05107803593629,43.17975506892053,84.18852958011466,,,,-9.158464359789685,-0.9176229650602798,0.4846189656945936,,,,123.07439043623374,1.0555957142935917,0.6849518283795022,14.305473,22.79530693320961,-24.884586712911133,1459.956683911417,123.0742998,1.0557062,71.17,,,1459.956683911417,,,,False,True,True,,-54880.11846698792,5.0,1001,8.2,232.0,MWPotential2014
3089618091979956992,consistent,retrograde_halo_like_expected,retrograde_moderate_inclination_halo_like,retrograde,moderate_Lperp,-0.569,-845.8642454880404,866.3786301571059,1210.8254426580056,0.5370639380864489,2.734667912704435,9.07978396387073,3.966225419145091,False,True,True,False,family=retrograde_moderate_inclination_halo_like; rotation=retrograde; inclination_proxy=moderate_Lperp; ecc=0.537; rperi=2.73 kpc; rap=9.08 kpc; zmax=3.97 kpc; Lz=-845.9; Lperp=866.4; [Fe/H]=-0.57; orbit-derived high-Zmax flag; orbit-derived inner-halo-like proxy,moderate,178.44715688530255,,23.0321901512844,-866.0724271155032,,,,False,False,False,False,False,False,0.8151310775525903,gaia_lamost_larger_velocity_features.csv,missing_parallax,rotation=retrograde; inclination_proxy=moderate_Lperp; [Fe/H]=-0.57; Lz=-845.9; Lperp=866.4; Ltot=1210.8; distance_source=gaia_lamost_larger_velocity_features.csv; distance_quality=missing_parallax,,,,,,,0.9568348,3.401557750860418,,,,False,False,False,False,False,False,False,True,33.73903901898788,99.36022581257431,-100.81531217439252,,,,-8.689013747249156,-0.5180385403793486,0.2938200550237848,,,,124.39723568345964,0.8122476172455726,1.2267965576806048,44.45571,-14.39031787195294,-43.88141328290677,815.1310775525903,124.39726,0.8123165,42.07,,,815.1310775525903,,,,False,True,True,,-59623.57683201825,5.0,1001,8.2,232.0,MWPotential2014
3084565217577674368,consistent,dynamically_hot_expected,prograde_hot_or_metal_poor_candidate,prograde,low_Lperp,-1.679,1531.5427770638717,385.25501777195143,1579.254478130419,0.6667336407678446,3.895293289085029,19.48116329693087,4.008622242376958,False,True,True,False,family=prograde_hot_or_metal_poor_candidate; rotation=prograde; inclination_proxy=low_Lperp; ecc=0.667; rperi=3.90 kpc; rap=19.48 kpc; zmax=4.01 kpc; Lz=1531.5; Lperp=385.3; [Fe/H]=-1.68; orbit-derived high-Zmax flag; orbit-derived inner-halo-like proxy,moderate,303.912485613191,,356.8888008710396,-145.0924275463679,,,,False,False,False,False,True,True,10.082287638084283,gaia_lamost_larger_velocity_features.csv,missing_parallax,rotation=prograde; inclination_proxy=low_Lperp; high tangential velocity; metal-poor; [Fe/H]=-1.68; Lz=1531.5; Lperp=385.3; Ltot=1579.3; distance_source=gaia_lamost_larger_velocity_features.csv; distance_quality=missing_parallax,,,,,,,1.2135992,-1.4997642961381883,,,,False,False,False,False,False,False,False,True,124.59777984142104,-48.41713229364271,-33.62133416660641,,,,-15.406581700983615,-6.305090457104354,2.9928093796063,,,,121.57006326975224,0.9383056605305586,0.0991838396102343,5.9246345,1.611015500144466,-6.151230999532256,10082.287638084284,121.57003,0.9383268,90.96,,,10082.287638084284,,,,False,True,True,,-27965.373620724346,5.0,1001,8.2,232.0,MWPotential2014
3083753361380495744,partially_consistent,retrograde_halo_like_expected,retrograde_low_inclination_halo_like,retrograde,low_Lperp,-0.915,-1067.8632614602427,513.1044361035314,1184.7396792230898,0.5335563763961411,2.996770081052203,9.852671649540726,1.90874701111668,False,False,False,False,family=retrograde_low_inclination_halo_like; rotation=retrograde; inclination_proxy=low_Lperp; ecc=0.534; rperi=3.00 kpc; rap=9.85 kpc; zmax=1.91 kpc; Lz=-1067.9; Lperp=513.1; [Fe/H]=-0.92,moderate,114.30465630354097,,-2.3935086017419565,-513.0988535026133,,,,False,False,False,False,False,False,1.686420193177308,gaia_lamost_larger_velocity_features.csv,missing_parallax,rotation=retrograde; inclination_proxy=low_Lperp; [Fe/H]=-0.92; Lz=-1067.9; Lperp=513.1; Ltot=1184.7; distance_source=gaia_lamost_larger_velocity_features.csv; distance_quality=missing_parallax,,,,,,,1.1461058,1.396180705066989,,,,False,False,False,False,False,False,False,True,-65.56619246050585,107.04471979713882,-51.28708115764855,,,,-9.321372881827251,-1.0685310610738428,0.5343126495066337,,,,122.45572218802852,0.527457007007076,0.5929720268090156,41.15183,-8.172452047101803,-11.7322282938667,1686.420193177308,122.45574,0.5274575,125.61,,,1686.420193177308,,,,False,True,True,,-56743.61063406287,5.0,1001,8.2,232.0,MWPotential2014
3084867926872687616,consistent,retrograde_halo_like_expected,retrograde_low_inclination_halo_like,retrograde,low_Lperp,-1.026,-553.6435707773579,45.34139803910223,555.4971159594293,0.8045438560281528,1.2161198138833442,11.227795114250192,0.693369563337487,True,False,True,False,family=retrograde_low_inclination_halo_like; rotation=retrograde; inclination_proxy=low_Lperp; ecc=0.805; rperi=1.22 kpc; rap=11.23 kpc; zmax=0.69 kpc; Lz=-553.6; Lperp=45.3; [Fe/H]=-1.03; orbit-derived radial flag; orbit-derived inner-halo-like proxy,moderate,197.4135264999453,,-37.904750618669134,24.881162687398792,,,,False,False,False,False,False,True,1.9552281461099248,gaia_lamost_larger_velocity_features.csv,missing_parallax,rotation=retrograde; inclination_proxy=low_Lperp; metal-poor; [Fe/H]=-1.03; Lz=-553.6; Lperp=45.3; Ltot=555.5; distance_source=gaia_lamost_larger_velocity_features.csv; distance_quality=missing_parallax,,,,,,,0.7957039,5.192801250098601,,,,False,False,False,False,False,False,False,True,111.0759997705769,71.92476124070474,-4.372373333879554,,,,-9.55211347830927,-1.2008886777491594,0.6000087244751844,,,,121.26099832763292,1.7017067199863374,0.5114492659025884,8.305679,7.804145017574409,-19.81767694209903,1955.2281461099249,121.260997,1.701758,31.26,,,1955.2281461099249,,,,False,True,True,,-56089.839151662774,5.0,1001,8.2,232.0,MWPotential2014
3083483057615799424,partially_consistent,retrograde_halo_like_expected,retrograde_low_inclination_halo_like,retrograde,low_Lperp,-0.768,-1045.9914511210172,460.043441185668,1142.6889706285797,0.5235030774699629,2.9245868640042145,9.350778309292815,1.5868038074621424,False,False,False,False,family=retrograde_low_inclination_halo_like; rotation=retrograde; inclination_proxy=low_Lperp; ecc=0.524; rperi=2.92 kpc; rap=9.35 kpc; zmax=1.59 kpc; Lz=-1046.0; Lperp=460.0; [Fe/H]=-0.77,moderate,125.46984691485817,,-8.13467867207077,-459.971515184205,,,,False,False,False,False,False,False,1.4657285251099157,gaia_lamost_larger_velocity_features.csv,missing_parallax,rotation=retrograde; inclination_proxy=low_Lperp; [Fe/H]=-0.77; Lz=-1046.0; Lperp=460.0; Ltot=1142.7; distance_source=gaia_lamost_larger_velocity_features.csv; distance_quality=missing_parallax,,,,,,,0.8043566,4.434458939261894,,,,False,False,False,False,False,False,False,True,7.918496210425007,115.1797838086084,-50.71153692740421,,,,-9.146036082204326,-0.9404572958189248,0.4846919460311267,,,,123.48451699623334,0.1514810006879749,0.6822545804824325,20.189425,-4.251526572531132,-17.55015790592705,1465.7285251099156,123.484529,0.151546,68.65,,,1465.7285251099156,,,,False,True,True,,-59219.95765142013,5.0,1001,8.2,232.0,MWPotential2014
3084618814470882048,consistent,retrograde_halo_like_expected,retrograde_moderate_inclination_halo_like,retrograde,moderate_Lperp,-0.951,-945.29436863352,1060.3346778583348,1420.5249284821382,0.5680730530137428,3.261226641200575,11.83959845876402,6.583790181736589,False,True,True,False,family=retrograde_moderate_inclination_halo_like; rotation=retrograde; inclination_proxy=moderate_Lperp; ecc=0.568; rperi=3.26 kpc; rap=11.84 kpc; zmax=6.58 kpc; Lz=-945.3; Lperp=1060.3; [Fe/H]=-0.95; orbit-derived high-Zmax flag; orbit-derived inner-halo-like proxy,moderate,165.1111465791632,,140.70488844080342,-1050.9575459730995,,,,False,False,False,False,False,False,4.18104141203351,gaia_lamost_larger_velocity_features.csv,missing_parallax,rotation=retrograde; inclination_proxy=moderate_Lperp; [Fe/H]=-0.95; Lz=-945.3; Lperp=1060.3; Ltot=1420.5; distance_source=gaia_lamost_larger_velocity_features.csv; distance_quality=missing_parallax,,,,,,,1.1711559,2.7299872231075355,,,,False,False,False,False,False,False,False,True,-52.36252938631033,72.48777050641563,-88.38435521523135,,,,-11.159579566536184,-2.604177599220603,1.234189835157651,,,,121.20677617930394,1.0369173800748273,0.2391748613448044,6.3445244,-4.0660197805319065,-7.270800406940968,4181.04141203351,121.2067683,1.0369189,127.33,,,4181.04141203351,,,,False,True,True,,-47441.86271490552,5.0,1001,8.2,232.0,MWPotential2014
3084926441506740992,consistent,radial_or_high_eccentricity_expected,radial_metal_poor_halo_like,low_Lz_or_radial,moderate_Lperp,-0.883,-207.81823717794992,810.2621510797002,836.4885971584152,0.9169521568638752,0.5493061127983749,12.67936044987201,6.300239289621705,True,True,True,False,family=radial_metal_poor_halo_like; rotation=low_Lz_or_radial; inclination_proxy=moderate_Lperp; ecc=0.917; rperi=0.55 kpc; rap=12.68 kpc; zmax=6.30 kpc; Lz=-207.8; Lperp=810.3; [Fe/H]=-0.88; orbit-derived radial flag; orbit-derived high-Zmax flag; orbit-derived inner-halo-like proxy,moderate,211.0733302063489,,-198.03173163972065,785.6896249385481,,,,False,False,False,False,True,False,4.098022306289083,gaia_lamost_larger_velocity_features.csv,missing_parallax,rotation=low_Lz_or_radial; inclination_proxy=moderate_Lperp; high tangential velocity; [Fe/H]=-0.88; Lz=-207.8; Lperp=810.3; Ltot=836.5; distance_source=gaia_lamost_larger_velocity_features.csv; distance_quality=missing_parallax,,,,,,,1.0605354,1.6585725398621136,,,,False,False,False,False,False,False,False,True,90.4324925539633,38.866985639674574,60.76889326106898,,,,-11.15365440453903,-2.4956813864052947,1.1930931893078225,,,,120.4718353514867,1.8886037429264213,0.2440201456359417,10.198736,6.4069286664489855,-8.775180389695203,4098.022306289084,120.471808,1.888624,83.7,,,4098.022306289084,,,,False,True,True,,-49108.910638490735,5.0,1001,8.2,232.0,MWPotential2014
3083553117121981312,consistent,dynamically_hot_expected,prograde_hot_or_metal_poor_candidate,prograde,low_Lperp,-1.116,548.7711180154512,622.1333728183519,829.5780093169459,0.8879014418154255,1.268236819672813,21.358937699104015,8.44088156331249,True,True,True,False,family=prograde_hot_or_metal_poor_candidate; rotation=prograde; inclination_proxy=low_Lperp; ecc=0.888; rperi=1.27 kpc; rap=21.36 kpc; zmax=8.44 kpc; Lz=548.8; Lperp=622.1; [Fe/H]=-1.12; orbit-derived radial flag; orbit-derived high-Zmax flag; orbit-derived inner-halo-like proxy,moderate,237.53839609846912,,371.5487434311632,-499.00046576036584,,,,False,False,False,False,True,True,13.19356409100696,gaia_lamost_larger_velocity_features.csv,missing_parallax,rotation=prograde; inclination_proxy=low_Lperp; high tangential velocity; metal-poor; [Fe/H]=-1.12; Lz=548.8; Lperp=622.1; Ltot=829.6; distance_source=gaia_lamost_larger_velocity_features.csv; distance_quality=missing_parallax,,,,,,,1.5499325,-2.4386732195933583,,,,False,False,False,False,False,False,False,True,76.09420759089204,5.180912172861472,-46.8090043046714,,,,-17.419044663031734,-8.397717497570158,4.15757888636739,,,,123.11310411709076,0.459705490293688,0.075794530810793,5.3698406,0.4598996631191318,-3.7700113788522622,13193.56409100696,123.113099,0.459721,91.38,,,13193.56409100696,,,,False,True,True,,-26547.99337911866,5.0,1001,8.2,232.0,MWPotential2014
3084642080312126464,consistent,radial_or_high_eccentricity_expected,radial_metal_poor_halo_like,low_Lz_or_radial,low_Lperp,-1.196,-320.50892591999315,556.6877339471747,642.360650041414,0.9310047014815368,0.6744188443557643,18.87528552210301,6.987061064120245,True,True,True,False,family=radial_metal_poor_halo_like; rotation=low_Lz_or_radial; inclination_proxy=low_Lperp; ecc=0.931; rperi=0.67 kpc; rap=18.88 kpc; zmax=6.99 kpc; Lz=-320.5; Lperp=556.7; [Fe/H]=-1.20; orbit-derived radial flag; orbit-derived high-Zmax flag; orbit-derived inner-halo-like proxy,moderate,197.8020857182221,,159.7995355088305,-533.2591692398756,,,,False,False,False,False,False,True,10.86490456385446,gaia_lamost_larger_velocity_features.csv,missing_parallax,rotation=low_Lz_or_radial; inclination_proxy=low_Lperp; metal-poor; [Fe/H]=-1.20; Lz=-320.5; Lperp=556.7; Ltot=642.4; distance_source=gaia_lamost_larger_velocity_features.csv; distance_quality=missing_parallax,,,,,,,1.5068645,-2.0334487474787295,,,,False,False,False,False,False,False,False,True,54.698148765282944,42.97896046157812,-44.23647779528207,,,,-16.027900194096837,-6.734296701427124,3.2132473542293036,,,,121.3155613883067,1.2930361312627994,0.0920394646932119,6.6361217,0.308022504251155,-3.828090343120499,10864.90456385446,121.31558,1.2930493,79.89,,,10864.90456385446,,,,False,True,True,,-32095.448519841393,5.0,1001,8.2,232.0,MWPotential2014
3089545558572418048,consistent,radial_or_high_eccentricity_expected,radial_metal_poor_halo_like,low_Lz_or_radial,low_Lperp,-2.108,149.38398969702428,133.5387628675,200.37010147719903,0.949393608871366,0.3550506765815301,13.676800584222423,2.111655964691123,True,False,True,False,family=radial_metal_poor_halo_like; rotation=low_Lz_or_radial; inclination_proxy=low_Lperp; ecc=0.949; rperi=0.36 kpc; rap=13.68 kpc; zmax=2.11 kpc; Lz=149.4; Lperp=133.5; [Fe/H]=-2.11; orbit-derived radial flag; orbit-derived inner-halo-like proxy,moderate,223.00802331737148,,59.053101432878435,-119.77200173388005,,,,False,False,False,False,True,True,5.823722750571067,gaia_lamost_larger_velocity_features.csv,missing_parallax,rotation=low_Lz_or_radial; inclination_proxy=low_Lperp; high tangential velocity; metal-poor; [Fe/H]=-2.11; Lz=149.4; Lperp=133.5; Ltot=200.4; distance_source=gaia_lamost_larger_velocity_features.csv; distance_quality=missing_parallax,,,,,,,1.1009932,-0.4731725700591056,,,,False,False,False,False,False,False,False,True,70.2301589551832,9.0966493773213,-20.469293942652644,,,,-12.219020597042537,-3.709747203745422,1.8559366018449104,,,,123.22780573377474,0.4471591568310297,0.1717114709662202,12.168439,1.6939647876471686,-7.8982864103675565,5823.722750571067,123.227801,0.4472,101.42,,,5823.722750571067,,,,False,True,True,,-47203.154825552614,5.0,1001,8.2,232.0,MWPotential2014
3089726600033614976,consistent,radial_or_high_eccentricity_expected,low_Lz_or_radial_candidate,low_Lz_or_radial,low_Lperp,-0.796,-54.933104906816496,150.91014971933126,160.59738261570232,0.9807297947857754,0.0887948405884475,9.12697007746248,0.4670950047017724,True,False,True,False,family=low_Lz_or_radial_candidate; rotation=low_Lz_or_radial; inclination_proxy=low_Lperp; ecc=0.981; rperi=0.09 kpc; rap=9.13 kpc; zmax=0.47 kpc; Lz=-54.9; Lperp=150.9; [Fe/H]=-0.80; orbit-derived radial flag; orbit-derived inner-halo-like proxy,moderate,141.12667198580328,,-8.440142940419824,150.67394358500164,,,,False,False,False,False,False,False,0.6270982663446409,gaia_lamost_larger_velocity_features.csv,missing_parallax,rotation=low_Lz_or_radial; inclination_proxy=low_Lperp; [Fe/H]=-0.80; Lz=-54.9; Lperp=150.9; Ltot=160.6; distance_source=gaia_lamost_larger_velocity_features.csv; distance_quality=missing_parallax,,,,,,,0.73424435,3.6783047950118934,,,,False,False,False,False,False,False,False,True,-70.29582636158231,3.1866776843794415,19.5411513342887,,,,-8.560259995497061,-0.39339910828324,0.2361931469794619,,,,124.626788822155,1.4771229258987624,1.594646411365487,105.5349,0.5954628030411431,-47.4698578967624,627.0982663446409,124.62679,1.4772242,214.26,,,627.0982663446409,,,,False,True,True,,-68166.89699515115,5.0,1001,8.2,232.0,MWPotential2014
3084491481578346240,consistent,radial_or_high_eccentricity_expected,radial_metal_poor_halo_like,low_Lz_or_radial,low_Lperp,-0.534,110.09543752887312,407.421144098808,422.0343517102082,0.9477613225411664,0.3730475708456246,13.909380277355648,5.485656744725901,True,True,True,False,family=radial_metal_poor_halo_like; rotation=low_Lz_or_radial; inclination_proxy=low_Lperp; ecc=0.948; rperi=0.37 kpc; rap=13.91 kpc; zmax=5.49 kpc; Lz=110.1; Lperp=407.4; [Fe/H]=-0.53; orbit-derived radial flag; orbit-derived high-Zmax flag; orbit-derived inner-halo-like proxy,moderate,207.96725977413317,,138.75182637519956,-383.0664685616952,,,,False,False,False,False,True,False,6.636820772902057,gaia_lamost_larger_velocity_features.csv,missing_parallax,rotation=low_Lz_or_radial; inclination_proxy=low_Lperp; high tangential velocity; [Fe/H]=-0.53; Lz=110.1; Lperp=407.4; Ltot=422.0; distance_source=gaia_lamost_larger_velocity_features.csv; distance_quality=missing_parallax,,,,,,,1.3136959,0.001726040787414,,,,False,False,False,False,False,False,False,True,16.94598007241756,-3.0533305011548335,-31.980564283341774,,,,-12.95760831064268,-4.162142086238642,1.8485302615316828,,,,120.47759045444464,0.5234137321220286,0.1506745525030554,8.162756,0.5753516616463092,-6.5850959470253,6636.820772902057,120.477563,0.523411,142.04,,,6636.820772902057,,,,False,True,True,,-46269.13837944389,5.0,1001,8.2,232.0,MWPotential2014
3089857819875340672,consistent,radial_or_high_eccentricity_expected,radial_metal_poor_halo_like,low_Lz_or_radial,low_Lperp,-1.107,92.33437155742668,192.47429470352668,213.47597122984348,0.9508067882220382,0.230115367348902,9.125458665407908,1.0394209790026774,True,False,True,False,family=radial_metal_poor_halo_like; rotation=low_Lz_or_radial; inclination_proxy=low_Lperp; ecc=0.951; rperi=0.23 kpc; rap=9.13 kpc; zmax=1.04 kpc; Lz=92.3; Lperp=192.5; [Fe/H]=-1.11; orbit-derived radial flag; orbit-derived inner-halo-like proxy,moderate,178.78522177121664,,-11.560241925935518,192.12681990871,,,,False,False,False,False,False,True,1.160310561817233,gaia_lamost_larger_velocity_features.csv,missing_parallax,rotation=low_Lz_or_radial; inclination_proxy=low_Lperp; metal-poor; [Fe/H]=-1.11; Lz=92.3; Lperp=192.5; Ltot=213.5; distance_source=gaia_lamost_larger_velocity_features.csv; distance_quality=missing_parallax,,,,,,,0.7660074,3.6638164329105134,,,,False,False,False,False,False,False,False,True,-19.370085408740877,-11.8887004089432,22.31255050764301,,,,-8.948875404994087,-0.7256615979176508,0.3895395602344619,,,,122.96694116081986,1.266978850948126,0.8618382292701355,41.10876,7.2084668023651695,-31.694541118949957,1160.3105618172328,122.96693,1.2670324,188.65,,,1160.3105618172328,,,,False,True,True,,-67810.29102439061,5.0,1001,8.2,232.0,MWPotential2014
3083697290586071680,partially_consistent,retrograde_halo_like_expected,retrograde_low_inclination_halo_like,retrograde,low_Lperp,-0.684,-1952.2699475483269,722.305919751937,2081.606060187431,0.2553675077008158,7.1372153864836925,12.032550800984923,2.763825468925241,False,False,False,False,family=retrograde_low_inclination_halo_like; rotation=retrograde; inclination_proxy=low_Lperp; ecc=0.255; rperi=7.14 kpc; rap=12.03 kpc; zmax=2.76 kpc; Lz=-1952.3; Lperp=722.3; [Fe/H]=-0.68,moderate,122.43481290580814,,-9.50302663922922,-722.243403703617,,,,False,False,False,False,False,False,0.3418189397798861,gaia_lamost_larger_velocity_features.csv,missing_parallax,rotation=retrograde; inclination_proxy=low_Lperp; [Fe/H]=-0.68; Lz=-1952.3; Lperp=722.3; Ltot=2081.6; distance_source=gaia_lamost_larger_velocity_features.csv; distance_quality=missing_parallax,,,,,,,0.87890816,5.467807754270964,,,,False,False,False,False,False,False,False,True,-78.96693785062622,231.27770822098367,-85.1769369707854,,,,-8.367547549100093,-0.2158210439233016,0.1205736701083555,,,,121.61415454666972,0.4918727474028133,2.92552542771313,188.21082,-75.34227269083829,-5.721524977237781,341.81893977988614,121.61425,0.4918882,47.91,,,341.81893977988614,,,,False,True,True,,-38914.037567957406,5.0,1001,8.2,232.0,MWPotential2014
3084618646970633984,consistent,retrograde_halo_like_expected,retrograde_low_inclination_halo_like,retrograde,low_Lperp,-0.68,-3824.068567730971,540.7301463200286,3862.109462696168,0.3759293469872029,13.176716619350486,29.051568129300517,3.945630625688646,False,True,True,False,family=retrograde_low_inclination_halo_like; rotation=retrograde; inclination_proxy=low_Lperp; ecc=0.376; rperi=13.18 kpc; rap=29.05 kpc; zmax=3.95 kpc; Lz=-3824.1; Lperp=540.7; [Fe/H]=-0.68; orbit-derived high-Zmax flag; orbit-derived inner-halo-like proxy,moderate,105.88440716427388,,-526.191498707652,-124.5455652645833,,,,False,False,False,False,False,False,6.484216391889906,gaia_lamost_larger_velocity_features.csv,missing_parallax,rotation=retrograde; inclination_proxy=low_Lperp; [Fe/H]=-0.68; Lz=-3824.1; Lperp=540.7; Ltot=3862.1; distance_source=gaia_lamost_larger_velocity_features.csv; distance_quality=missing_parallax,,,,,,,1.1003723,-0.4209198457835654,,,,False,False,False,False,False,False,False,True,-131.13390413963322,256.6925137513808,9.683830368198528,,,,-12.833240737267325,-4.040692197656097,1.897453547738406,,,,121.170175117863,1.0046261556532656,0.1542206397138047,9.62641,-2.365713100218595,2.5038875033144503,6484.216391889906,121.17016,1.0046368,98.29,,,6484.216391889906,,,,False,True,True,,-5924.972477961843,5.0,1001,8.2,232.0,MWPotential2014
3077610566011025408,consistent,retrograde_halo_like_expected,retrograde_low_inclination_halo_like,retrograde,low_Lperp,-0.543,-3615.318634909221,606.6895325640273,3665.869749574394,0.3385253830801111,12.842646358806537,25.987706402445095,4.166018943184258,False,True,True,False,family=retrograde_low_inclination_halo_like; rotation=retrograde; inclination_proxy=low_Lperp; ecc=0.339; rperi=12.84 kpc; rap=25.99 kpc; zmax=4.17 kpc; Lz=-3615.3; Lperp=606.7; [Fe/H]=-0.54; orbit-derived high-Zmax flag; orbit-derived inner-halo-like proxy,moderate,100.31645268932128,,-603.4636403959573,-62.480586127345674,,,,False,False,False,False,False,False,6.213063298402526,gaia_lamost_larger_velocity_features.csv,missing_parallax,rotation=retrograde; inclination_proxy=low_Lperp; [Fe/H]=-0.54; Lz=-3615.3; Lperp=606.7; Ltot=3665.9; distance_source=gaia_lamost_larger_velocity_features.csv; distance_quality=missing_parallax,,,,,,,1.1750326,-0.1937580093862614,,,,False,False,False,False,False,False,False,True,-123.87940219718696,251.6879823480579,16.32804970263871,,,,-12.41598648866262,-3.9583985555276873,2.14086785952816,,,,124.84914434820188,0.7844510424136527,0.1609512010375164,8.252119,-2.32892881855095,2.485346020700722,6213.063298402526,124.84916,0.7844489,93.57,,,6213.063298402526,,,,False,True,True,,-9267.096076212742,5.0,1001,8.2,232.0,MWPotential2014
